created_at,text,sentiment_score
2022-11-28T20:26:33.000Z,"Sheila Atim - Another Ugandan üá∫üá¨ featured in a leading role.. 
Hollywood Blockbuster  - Woman King! https://t.co/FDAEMDsBKy",7.997
2022-11-28T20:37:58.000Z,"@MForstater @JessDeWahls Charlotte Proudman has blocked me and multiple women‚Äôs accounts on Twitter, so is she really standing up for women and girls? I am getting so f..king frustrated with so called ‚Äòinclusive feminism‚Äô just say it Charlotte, men are so much better at being women. https://t.co/nYQHKl8XAy",3.091
2022-11-28T20:30:27.000Z,The radioactive woman at 60 year‚Äôs old has conquered the plant to scoop up the wealth of the nations. First to eat the dripping gorgeous queen shall become King of the planet and become God damn it! https://t.co/PVDFyP7Yuj,9.088
2022-11-28T20:28:03.000Z,"@annatolentini Right.  Trump murdered people &amp; terrorize their families.  Think before you speak, woman.",0.671
2022-11-28T20:39:45.000Z,@HRHshanice Wakanda forever and woman king,5
2022-11-28T20:39:19.000Z,Woman King üôå,5
2022-11-28T20:39:02.000Z,@NorthstarATL The man queen.,5
2022-11-28T20:27:15.000Z,@narallynajm You need to leave king and narally alone they don‚Äôt need you she never has she‚Äôs a strong independent woman and Laura your a piece of s*it and your lame asf Laura üñïüèº,1.1405
2022-11-28T20:30:29.000Z,"@Mofoman360 Shame on anyone who is all goo-goo over the sparkles and white teeth. These two are tigers; they will decimate the UK as you know it, if they ever beome King and Queen! Both pure evil Catherine isn't even a woman!",1.3245
2022-11-28T20:27:31.000Z,@endlesslysoft @SaycheeseDGTL How many dudes been back doored by a woman?  Didn‚Äôt Trouble just die over one? Wasn‚Äôt King Von and YB beef over a picture with a baby momma?  Y‚Äôall ain‚Äôt responsible but ain‚Äôt neither side innocent.,7.6105
2022-11-28T20:29:35.000Z,"@cuhzinzz @ImbouMax @AfricaFactsZone No. I am aware of some of our politicians trying to replace white people who built this country with beggars and drug king pins from other  countries. We, the citizens of this country will stand up resist that nonsense.",2.003
2022-11-28T20:27:56.000Z,@dust2us F*ck trans if god made you a man be a fu*king man if god made you a woman be a fu*cking woman and fu*ck every body who is pushing this agenda,1.5155
2022-11-28T20:28:39.000Z,king shit https://t.co/aQ6FfWifvd,2.213
2022-11-28T20:39:21.000Z,"@rtenews This is just sick an all counts, him and that f**king woman, couldn't call her a mother. Neither should ever see the light of day againü§¨",2.447
2022-11-28T20:38:16.000Z,The sequel to The Woman King.... https://t.co/WiL2FaR8VD,5
2022-11-28T20:39:49.000Z,"@aiuralover I havent watched bones and all yet, but the woman king is amazing",8.6755
2022-11-28T20:38:14.000Z,"women in power have shown that they will use the system to enrich the rich just as well as a man, you have Truss, Thatcher, in canada you have Daniel Smith in Alberta, Mulroney in Ontario, the list is unending, it is the system, but women are people and people will do as they do https://t.co/IAbWADUyef",7.155
2022-11-28T20:40:14.000Z,Don't communicate anything queens. They'll take it to the public üòä https://t.co/9tgmZgZVyJ,5
2022-11-28T20:38:39.000Z,@shamim_akht @s_qamarzaman Do you know that Queen Elizabeth had no king as a husband but a prince?,4.2345
2022-11-28T20:39:46.000Z,King. Hope he gets out safely https://t.co/upzlSgVDKN,8.6345
2022-11-28T20:58:00.000Z,king https://t.co/V3pILHecex,5
2022-11-28T20:02:30.000Z,"@GoodfellaTaco @LogicNReason22 @ArmoredChocobo @JohnEchidna @CultureCrave It bombed because it was woke, honey.",5
2022-11-28T20:58:08.000Z,"Triple whammy good for him,pop off king https://t.co/kWPSXDw10y",7.202
2022-11-28T20:02:41.000Z,"nope, eeaao, the woman king, glass onion, the batman, pearl, bp wakanda forever, the menu... this year in movies has been so much fun",7.771
2022-11-28T20:57:51.000Z,@PopBase king https://t.co/IU2XSArueo,5
2022-11-28T20:01:43.000Z,"Could he be the warg he was and maintain his place within the Demon Lord‚Äôs army? Or was a chance meeting with a strange woman who desired to become a caladrius for a Druid king meant to ruin him?

üì£ @eBookLingo
üìö https://t.co/oYIR0KgzZH https://t.co/EvpNyeobh0",3.194
2022-11-28T20:01:48.000Z,@Miraclekeyz01 Nice list thou i didn't watch Golden statue,7.1075
2022-11-28T20:57:45.000Z,@coolgirI167 Brunette woman? I thought you were King Charles XII of Sweden. Please commit to bits for at least 24h,7.7115
2022-11-28T20:58:06.000Z,idk this man but I know he‚Äôs a king https://t.co/VAhVaCaqNg,4.742
2022-11-28T20:58:22.000Z,"@PopBase He's a king, I hope he's safe tho",8.5015
2022-11-28T20:58:53.000Z,King shit https://t.co/BdsryZ2Don,2.213
2022-11-28T20:59:02.000Z,That‚Äôs a king right there https://t.co/xGwT0hhP4Y,5
2022-11-28T20:59:01.000Z,ok king! please keep this man safe https://t.co/zJ37U9pfO0,8.753
2022-11-28T20:59:10.000Z,@AndyjnrUmaru Woman king is under rated,5
2022-11-28T20:59:57.000Z,@BME_GEEZ You saw the Woman King?,5
2022-11-28T20:59:21.000Z,King https://t.co/XCW4DBllbZ,5
2022-11-28T20:59:18.000Z,@PopBase King,5
2022-11-28T21:00:42.000Z,He only had one chance and got all the points across. A true king https://t.co/1ShkXCKUE0,7.9295
2022-11-28T21:00:40.000Z,"Congratulations, @violadavis, the film The Woman King shows the strength and sweetness of great women!",9.6855
2022-11-28T20:40:45.000Z,"I‚Äôm 31% Benin n Togo, that‚Äôs where the woman king was turning shit up, but at the same time Togo had so many prisoners of war , they was killing n selling  niggas , but the fact that we started fighting each other is sad. I wonder if Africa was ever united.",0.098
2022-11-28T21:00:46.000Z,what a king https://t.co/HE7Vb0xbE3,5
2022-11-28T20:40:50.000Z,"RT @Fred3348: Hey Stephen King get back here! ""If women were in charge we'd have no more war,etc"" Nancy P was the most superpowerful woman‚Ä¶",3.52
2022-11-28T20:59:57.000Z,KING ‚ù§Ô∏èü§© https://t.co/elRgphKctM,5
2022-11-28T20:33:44.000Z,"@HMartok @nevnev60 @politicalmath Why are you demanding I speak for others?  I speak for me and me alone.  Now, I have my suspicions as to what you are trying to get me to say and, assuming my assumptions are correct, you picked the wrong queer woman who used to drag king to try to gotcha.",0.7225
2022-11-28T20:43:01.000Z,"RT @LearnThisSecret: @SeduceHerToday Far too many guys lack confidence in their ability to go out &amp; attract a new woman.

This affects any‚Ä¶",8.5015
2022-11-28T20:43:43.000Z,"RT @LearnThisSecret: @HowToSeduce Every woman loves the man who can replace her whenever he wants.

But she hates the fact she loves him be‚Ä¶",8.3525
2022-11-28T20:32:32.000Z,"@NivalisSolium ""I am!""

She giggles and blushes, smiling down at her bump, and then looking up at the other woman as she rubs her stomach.",7.9295
2022-11-28T20:41:07.000Z,"Whoever this woman is, your cons are good reasons for the breakup ü´∂üèΩ https://t.co/Whn9G9L5Vd",7.202
2022-11-28T20:43:54.000Z,"RT @boyowa_samuel: After a long wait, just saw The Woman King! 
  
Sheer class performance from @violadavis @ThusoMbedu and Lashana Lynch.‚Ä¶",5
2022-11-28T20:41:53.000Z,@KeiPalmerr @king_in_blvck @iamkristieee so you're saying all woman are like that? Sounds sexist to me,6.806
2022-11-28T20:41:02.000Z,@King_32ofZamund @SpokTok @oshomahre @idc045 @tinderplatinum @guideforlovers Being the opposing sex to someone does not automatically mean they‚Äôre into you. Most women aren‚Äôt interested in you just because you‚Äôre a boy. You (presumably) aren‚Äôt interested in every woman just because they‚Äôre a woman.,1.9105
2022-11-28T20:20:11.000Z,"@GoodfellaTaco @ArmoredChocobo @JohnEchidna @CultureCrave The women king was terrible because it didn't make sense and left out ALL of the actual relevant data on the tribe. ""Right wingers"" make the point that this shit bombs because people are simply sick of the political gay and hate cramming bs in Disney films.",0.317
2022-11-28T20:49:01.000Z,RT @Mimicinque: @SholaMos1 üéØ Princess Diana was only 19 when 33 year old woman Queen Consort Camilla began tormenting  and gaslighting her.‚Ä¶,5.7655
2022-11-28T20:48:50.000Z,KING https://t.co/92QQGwdrul,5
2022-11-28T20:48:49.000Z,King https://t.co/PsQ9cQsnZm,5
2022-11-28T20:49:33.000Z,King https://t.co/40NtCnBj7O,5
2022-11-28T20:49:09.000Z,king üëë https://t.co/oLEiEtpIoL,5
2022-11-28T20:49:33.000Z,@PopBase KING!,5
2022-11-28T20:49:28.000Z,King https://t.co/6FprDIfVmt,5
2022-11-28T20:49:19.000Z,KING https://t.co/VY4TLp6aMq,5
2022-11-28T20:49:31.000Z,@PopBase King,5
2022-11-28T20:49:36.000Z,A king https://t.co/Id3AwuWebq,5
2022-11-28T20:49:34.000Z,@PopBase king,5
2022-11-28T20:49:43.000Z,@PopBase a king omg,5
2022-11-28T20:49:49.000Z,"@LogicNReason22 @GoodfellaTaco @ArmoredChocobo @JohnEchidna @CultureCrave Plus, people went ahead and lied about it being ""historically accurate"". I'm a West African myself and I know for sure that there was never a WOMAN who led a group of other women to fought to fend off their colonizers from capturing slaves. It was the exact opposite in fact.",3.091
2022-11-28T20:49:46.000Z,King https://t.co/2XWsuDuD5r,5
2022-11-28T20:49:56.000Z,@PopBase King https://t.co/MZbcj1XgmY,5
2022-11-28T20:50:03.000Z,King https://t.co/CIOBqoz7Kz,5
2022-11-28T20:49:45.000Z,@PopBase true king,7.1075
2022-11-28T20:50:19.000Z,King üíñ I hope he will be fine https://t.co/2uxNWA7hmy,7.8595
2022-11-28T20:50:19.000Z,@therealjessaust @j3mimabiu If you like don‚Äôt go and watch the woman king,6.806
2022-11-28T20:50:33.000Z,I wanna take a nap but I wanna finish Woman King while the house is still quiet,5
2022-11-28T20:50:22.000Z,king!! https://t.co/ygdDxUMNCx,5
2022-11-28T20:50:46.000Z,@danielluh__ @j3mimabiu I‚Äôm scared of that filmüò≠,2.798
2022-11-28T20:50:17.000Z,"King, but also rip https://t.co/XEgxEfiUYk",5
2022-11-28T20:50:03.000Z,King. May he rest in peace https://t.co/9kfuqqhhB9,7.7115
2022-11-28T20:50:09.000Z,"@PopBase King!!! 
I want him",5.386
2022-11-28T20:50:52.000Z,king fr https://t.co/mAz4cWcOWS,5
2022-11-28T20:52:08.000Z,A king. I hope he is okay https://t.co/8Hkkw0ibjH,7.9295
2022-11-28T20:51:55.000Z,king behavior https://t.co/20TuRXgx8B,5
2022-11-28T20:51:08.000Z,King tbh https://t.co/ViH9bREnVx,5
2022-11-28T20:51:40.000Z,@PopBase KING,5
2022-11-28T20:53:31.000Z,He is a king for that https://t.co/Vwp0tDglDt,5
2022-11-28T20:52:06.000Z,"@HillOfCorpses Regret. To know all that they are and will and accept it.

The only peace a demon he would know is through her righteous violence.

Eyes like a beast possessed studied that, before the woman was yanked and slammed into the tile. Her body did not yield, but the tile could not +",7.202
2022-11-28T20:53:26.000Z,@PopBase Hoping nothing bad happens to this king,8.429
2022-11-28T20:52:42.000Z,@PopBase King,5
2022-11-28T20:35:39.000Z,"@tariqnasheed Viola davis who is fba played an african queen in the movie ""the woman king"" whites simply don't make the difference between blacks",6.7
2022-11-28T20:52:43.000Z,@PopBase king ! we prob never seeing him again tho :(,5
2022-11-28T20:53:02.000Z,king behaviour https://t.co/t5R6VwmZFM,5
2022-11-28T20:34:53.000Z,"RT @ade_ne_: ‚úçÔ∏è The guy from Woman king, can't remember his name https://t.co/P638u7bz1b",5
2022-11-28T20:53:11.000Z,a king https://t.co/HIO14s2aBZ,5
2022-11-28T20:52:54.000Z,King shit https://t.co/FO2gSWISma,2.213
2022-11-28T20:52:48.000Z,KING! https://t.co/VvMLPPsgMb,5
2022-11-28T20:52:49.000Z,this king must be protected https://t.co/IZnjAj1bqu,7.202
2022-11-28T20:37:29.000Z,"RT @Elisabe65682408: SARAH VINE IF YOU WANT KING CHARLES TO GET A HUMAN RIGHT AWARDS JUST TELL HIM TO RETURN GOLD, DIAMONDS STOLEN üíé 05/202‚Ä¶",5.129
2022-11-28T20:52:44.000Z,King https://t.co/zOPQDJgW2L,5
2022-11-28T20:53:13.000Z,king https://t.co/7XF3ic1dSs,5
2022-11-28T20:53:46.000Z,King https://t.co/ieVHhNBVWY,5
2022-11-28T20:53:59.000Z,@PopBase KING üíÖüèø BEHAVIOUR AND COMMON L QATAR,5
2022-11-28T20:53:14.000Z,Go King üëèüèªüëèüèªüëèüèª https://t.co/N1ZuNWdtUF,5
2022-11-28T20:53:56.000Z,"@BridgetPhetasy I know a Russian woman, and as much as I can't stand Mr. King, he's spot-on. That woman is more off the rails than he is.",5
2022-11-28T20:54:26.000Z,king shit https://t.co/VgUfcASoMM,2.213
2022-11-28T20:57:19.000Z,king https://t.co/Gm9hGaNLyL,5
2022-11-28T20:54:02.000Z,@PopBase He is a king,5
2022-11-28T20:54:09.000Z,KING https://t.co/Hzka5VOfY7,5
2022-11-28T20:57:20.000Z,KING SHIT https://t.co/gG8RmJVeJG,2.213
2022-11-28T20:54:31.000Z,"RT @monarcana: these photos of william basinski, eartheater, grouper and king woman together are still two of the most confusing things i‚Äôv‚Ä¶",3.528
2022-11-28T20:54:41.000Z,he dropped this üëë king type shit fr https://t.co/6dPW965WHW,2.213
2022-11-28T20:54:29.000Z,@PopBase King,5
2022-11-28T20:55:40.000Z,king https://t.co/xPL0lMp6oK,5
2022-11-28T20:55:26.000Z,@PopBase Oh we will remember you King,5
2022-11-28T20:55:15.000Z,King! https://t.co/CTRVf7vppD,5
2022-11-28T20:54:48.000Z,Rip king üôèüèæ https://t.co/P4kVnIkQK4,5
2022-11-28T20:56:09.000Z,@EmansReviews I think it's actually the sequel to The Woman King,5
2022-11-28T20:56:31.000Z,Rest in peace king ü§≤üèΩü´° https://t.co/ARY995sAtY,7.7115
2022-11-28T20:56:28.000Z,@PopBase King.,5
2022-11-28T20:55:13.000Z,What an absolute kingüëë https://t.co/iuw7ZcmbGZ,5
2022-11-28T20:55:10.000Z,honestly a king https://t.co/Y1JoZbAfxo,7.294
2022-11-28T20:55:34.000Z,@PopBase KING!,5
2022-11-28T20:56:40.000Z,That‚Äôs a king right here üñ§ https://t.co/itt51p9BNH,5
2022-11-28T20:44:18.000Z,@PopBase KING,5
2022-11-28T20:56:31.000Z,King. https://t.co/HLtHF9fkMF,5
2022-11-28T20:57:11.000Z,a king i fear https://t.co/ToMCb4Xd2X,2.5305
2022-11-28T20:44:19.000Z,@PopBase what a king,5
2022-11-28T20:44:30.000Z,@PopBase KING,5
2022-11-28T20:44:29.000Z,@PopBase king,5
2022-11-28T20:44:23.000Z,@jeynearryns yeah i really dgaf all them dragons deserved to die and so did the entire house of targaryen. the history books still remember aegon as a king and rhaenrya as a loser that got eaten by a dragon (even by her own children) so yes she did lose,1.752
2022-11-28T20:44:22.000Z,@PopBase King,5
2022-11-28T20:44:30.000Z,@PopBase Such a king,5
2022-11-28T20:44:24.000Z,@PopBase KING,5
2022-11-28T20:47:37.000Z,@PopBase King,5
2022-11-28T20:47:25.000Z,"@PopBase Rest in peace, king. https://t.co/XpxOixS2en",7.7115
2022-11-28T20:47:36.000Z,King I hope he's alright https://t.co/t0LYQdxLrV,7.997
2022-11-28T20:47:59.000Z,King https://t.co/90Bz8Y7tPV,5
2022-11-28T20:46:54.000Z,King https://t.co/hr8IJ9aWjI,5
2022-11-28T20:48:02.000Z,king tbh https://t.co/9WfjzxCUCD,5
2022-11-28T20:47:04.000Z,KING. https://t.co/5A2x9fYxSP,5
2022-11-28T20:47:19.000Z,I hope this king is safe https://t.co/q5O7E4a9zu,8.5015
2022-11-28T20:47:14.000Z,"@PopBase He ate and devoured and left no crumbs
A King if you ask me",3.52
2022-11-28T20:47:26.000Z,"RT @LearnThisSecret: @HowToSeduce Every woman loves the man who can replace her whenever he wants.

But she hates the fact she loves him be‚Ä¶",8.3525
2022-11-28T20:48:19.000Z,King https://t.co/mhfrIDML4e,5
2022-11-28T20:48:17.000Z,King https://t.co/w5pAJnvyQm,5
2022-11-28T20:44:36.000Z,king https://t.co/5Q0rZPtPOW,5
2022-11-28T20:44:42.000Z,"Enter To Win an electronic download of ""The Woman King"" from Sony Pictures Home Entertainment! https://t.co/qIBiwqac7z",8.825
2022-11-28T20:44:41.000Z,@PopBase king,5
2022-11-28T20:48:32.000Z,"#TheWomanKing   No more, No more!
https://t.co/vOfLxSp0Jz",2.3665
2022-11-28T20:44:33.000Z,"Enter To Win an electronic download of ""The Woman King"" from Sony Pictures Home Entertainment! https://t.co/qIBiwpT95z",8.825
2022-11-28T20:44:32.000Z,KING https://t.co/ivN622MbBM,5
2022-11-28T20:44:34.000Z,@PopBase King,5
2022-11-28T20:44:40.000Z,@PopBase King !,5
2022-11-28T20:44:47.000Z,@PopBase Oh he on his king shit we see,2.213
2022-11-28T20:45:44.000Z,@PopBase king behaviour,5
2022-11-28T20:45:52.000Z,@PopBase King ü´∂üèº,5
2022-11-28T20:45:13.000Z,@PopBase King for this.,5
2022-11-28T20:45:02.000Z,üôåüèªA true king https://t.co/3dzSkYi96d,7.1075
2022-11-28T20:44:56.000Z,@PopBase king!,5
2022-11-28T20:45:33.000Z,KING BEHAVIOUR https://t.co/4bqMncF9Ui,5
2022-11-28T20:45:00.000Z,@PopBase omg they better protect this king https://t.co/2aSPYAL6EI,8.3525
2022-11-28T20:45:02.000Z,@PopBase King,5
2022-11-28T20:45:02.000Z,"RT @ivan_8848: Stephen King twitted that the world would be a better place if a woman was in charge of Russia.

So I have made this video a‚Ä¶",7.202
2022-11-28T20:46:37.000Z,@PopBase RUN KING RUN,5
2022-11-28T20:46:20.000Z,@PopBase king,5
2022-11-28T20:46:00.000Z,@StixInThisBih @the_wildwoman The point is claiming you‚Äôre an alpha male when you‚Äôre not capable of doing anything any type of alpha is responsible for ü§ß imagine exposing yourself like this,5.6605
2022-11-28T20:46:18.000Z,@PopBase KING,5
2022-11-28T20:45:57.000Z,@d_mukungu A focused king!,6.909
2022-11-28T20:46:01.000Z,@PopBase RIP to this king ‚ù§Ô∏è https://t.co/BHIDgTgmAq,5
2022-11-28T20:46:08.000Z,KING https://t.co/JHtR11DxkA,5
2022-11-28T20:46:41.000Z,@PopBase king shit !,2.213
2022-11-28T20:46:16.000Z,"Install this app, Watch and download ""The Woman King"" at no cost.
https://t.co/sII9lECZvC",3.52
2022-11-28T20:46:01.000Z,@PopBase a king,5
2022-11-28T20:46:53.000Z,@King_AngelAK @LuxAlptraum Women at least tend to talk to each other. The amount of straight men who think talking about your feelings and thoughts makes you gay is UNBELIEVABLE.,7.0095
2022-11-28T20:14:44.000Z,Sooo I liked The Woman King &gt; Wakanda Forever...,7.997
2022-11-28T20:46:44.000Z,KING https://t.co/uReM2fjpNe,5
2022-11-28T20:16:22.000Z,That scene with the basket of heads as tributes made me giggleüò≠,7.1075
2022-11-28T20:16:47.000Z,@RawPornMoments This post has single handedly made an obscure Japanese porno more popular than The Woman King. https://t.co/zf73smNktn,7.377
2022-11-28T20:12:46.000Z,"@GoodfellaTaco @LogicNReason22 @ArmoredChocobo @JohnEchidna @CultureCrave The Woman King is a horrible historic drama. The only part that's ""based on historical events"" is that there's darker people in Africa",2.2885
2022-11-28T20:46:44.000Z,king shit https://t.co/Xvr1MtzNDs,2.213
2022-11-28T20:16:58.000Z,@TheWantonWench I thought it was hypocritical of them to go to the Queens funeral. The lies were relentless for over a year they knew it was affecting her health everyone could see that. And for Meghan to pretend to grieve and curtsy to the woman she hounded and called racist  despicable,0.3315
2022-11-28T20:13:12.000Z,"RT @ivan_8848: Stephen King twitted that the world would be a better place if a woman was in charge of Russia.

So I have made this video a‚Ä¶",7.202
2022-11-28T20:16:59.000Z,"And this is the kind of shit, kind of Repulsive, vile, Insane Racist comments by the woman that is married to the other ZIO Racist, Zelensky, that the US &amp; Western #Sheeple fall for. The only thing this lady is 1st in, is Hatred &amp; ZIO egregious Racism. Where is your f..king data? https://t.co/jRJ37WcAJj",0.0915
2022-11-28T20:23:26.000Z,"be Victoria the former Princess Diana. She was born in 2002. This is what happened at the time of her christening‚Äù

There was a link to an article that didn't work.

Who is Eduard Polyakov? Woman or man? In 2007, in Tyumen, they came to me with the theme of Princess Diana for the",5.7655
2022-11-28T20:24:10.000Z,"That flush only grew when he took hold of her chin and the words he spoke.

A.... Night? Or two?! This was the 'King of Hell' after all. She couldn't deny him, could she?

""A-Ah... Ya'd want a si-sinner demon like m-me for a night?""

Now she's flustered since she's stuttering. https://t.co/g1wCB1A53F",1.898
2022-11-28T20:17:06.000Z,@TacticalTyler34 stfu pussy,5
2022-11-28T20:22:26.000Z,"I just dey reason why Queen Vashti for Bible lose her position to Esther. 
She been feel say she don achieve ""see finish"" with the King until they drop her to commoner level.
This respect is reciprocal. Just being a woman doesn't earn you that.
#VashTheVash https://t.co/XdZyw68MUc",4.1105
2022-11-28T20:25:43.000Z,RT @WomanKingMovie: Critics and audiences got loud for #TheWomanKing. üó£ Now it‚Äôs time to bring that energy home ‚Äì The Woman King is now On‚Ä¶,4.871
2022-11-28T20:03:24.000Z,@OdysseanAcademy @LeaMaric ohhh you‚Äôre a WOMAN. i cant believe he lets you be online tbh,5
2022-11-28T20:24:22.000Z,"If you‚Äôre a man dating a woman with a baby daddy, you‚Äôre a strong individual üòÇüòÇüòÇ women never leave them BDs alone. Love yourself King.",8.841
2022-11-28T20:17:14.000Z,@KariLakeWarRoom I don‚Äôt see those words in the King James Bible.,5
2022-11-28T20:24:20.000Z,"@XelenaTimes He had to drop her full picture. To do what exactly? Disgrace her or what? 

This same behaviour is why she wrote this letter, now look at how he has confirmed all she said in the letter. 

A man child that's what I call someone like him",2.8925
2022-11-28T20:23:50.000Z,"@GoodfellaTaco @ArmoredChocobo @JohnEchidna @CultureCrave And let us not forget for a moment that Disney were the ones who decided to put the political bs in all their films to begin with. It was a bad idea, especially when their views are so radical, and it is the family unit that is the backbone of their fan base. Self inflicted",4.317
2022-11-28T20:06:41.000Z,@violadavis You‚Äôre a idiot. You do realize the ‚Äústrongest women‚Äù died in 2 hours of battle not days üíÄ also the French tried to abolish while your tribe kept slave,1.285
2022-11-28T20:07:35.000Z,"RT @ivan_8848: Stephen King twitted that the world would be a better place if a woman was in charge of Russia.

So I have made this video a‚Ä¶",7.202
2022-11-28T20:05:06.000Z,"@Anitaaaa_W @NYDailyNews I hope the King does make that happen.  Reading the headline, if true, it says it all, the greed and desperation is engulfing",5
2022-11-28T20:06:01.000Z,"RT @indrhaeni: ‚Äúthe princess and the queen were both commanded to attend [the feast], with all their children. in a show of amity, each wom‚Ä¶",5
2022-11-28T20:07:52.000Z,"RT @KirkWrites79: Between The Woman King, Wakanda Forever and Till ‚Äî Black women have been carrying this year!",5
2022-11-28T20:07:35.000Z,@ohhhhkilla Tragic üò≠üò≠ how dare you!!,2.706
2022-11-28T20:05:28.000Z,"RT @ivan_8848: Stephen King twitted that the world would be a better place if a woman was in charge of Russia.

So I have made this video a‚Ä¶",7.202
2022-11-28T20:07:54.000Z,"@mavericksmovies Avatar: The Way of Water
Babylon
The Banshees of Inisherin
The Batman
Black Panther: Wakanda Forever
Empire of Light
Everything Everywhere All at Once
The Fabelmans
Guillermo del Toro‚Äôs Pinocchio
She Said
T√ÅR
Top Gun: Maverick
White Noise
The Woman King
Women Talking",3.3
2022-11-28T20:03:55.000Z,"RT @Anitaaaa_W: @NYDailyNews Lol, the entitlement of this woman. Just wait how miffed she‚Äôll be when the King has the power to strip their‚Ä¶",7.1075
2022-11-28T20:07:22.000Z,Stephen King needs medical attention. Clearly has never met a Russian woman. https://t.co/zeB9Gz79Hp,7.0095
2022-11-28T20:07:58.000Z,This woman at the pet store told me her dog was blind and deaf after the dog ran up to me so I could pet him. https://t.co/modrjlvZir,2.9905
2022-11-28T20:10:24.000Z,Especially after going through a ‚Äúself love‚Äù phase or just getting yourself together! gotta be king status to get in ya body ?! https://t.co/8VD0xjWtPa,8.1845
2022-11-28T20:10:36.000Z,"Assembling people's children, wasting resources &amp; burning the flags of US &amp; Israel üòÇüòÇüòÇ

Can't y'all do any better?

It's about time every Muslim nation is left in the hands of Women at least even if they don't invent, they don't ass lick or radicalise people's children",5.1935
2022-11-28T20:08:53.000Z,Motherfucker tried to say I smell or something?!?! https://t.co/wguj2wHE2R,1.596
2022-11-28T20:08:08.000Z,"While these clueless inept Men were preaching to us that invention is for the whites &amp; heaven for 4, a Woman in Pakistan 'Benazir Bhutto' would lead her country to become the 1st Muslim nation with nuclear power while in Saudi the King is kissing the Ass of US &amp; Iran is busy",6.591
2022-11-28T20:10:18.000Z,"RT @the49thstreet: ...featuring Terri &amp; ‚ÄúGive Me. IceBeatChillz returns with ‚ÄúSuperwoman‚Äù, an ode to his special woman. 
IceBeatChillz is s‚Ä¶",7.0095
2022-11-28T20:11:54.000Z,"The movie ""The woman king"" made me realize dat we women are more than just a housewife,more than just stay home,cook,clean, slaves ..we are bigger than that! wiser, smarter nd we have more potentials than u can ever imagine. We are warriors,fierce nd strong.üí™ WE ARE KINGS!!ü¶Åüëë",9.088
2022-11-28T20:11:02.000Z,"@ivan_8848 Madeline Albright said 500,000 dead Iraqi children was ‚Äúworth it‚Äù.",2.3665
2022-11-28T20:10:42.000Z,RT @Mrs_libraa: Assistir de novo the woman king,5
2022-11-28T20:11:06.000Z,"RT @Nativetoday_: Native woman and child. King Island, Alaska. Photo taken between 1915 and 1925. 
#history #alaska #1900s #native #histori‚Ä¶",5.7655
2022-11-28T19:56:45.000Z,@Texassgh @SaycheeseDGTL woman makes monsters is crazy coming from a nigga with a woman as a mom foh lol,5.5135
2022-11-28T19:56:53.000Z,"4) A lot of it is built on respect. 
A saying I once heard, ‚ÄúI don‚Äôt care what you call me, as long as you‚Äôre nice about it.‚Äù 
Giving compliments in other pronouns is far better than insults in ANY pronouns. 
Call a man a Queen, call a woman a King, it can be well-received.
TPWK.",9.152
2022-11-28T19:56:57.000Z,"That isn‚Äôt a valid reason to go invalidate someone‚Äôs KNOWN gender pronoun preference. 

It‚Äôs just a reminder that if things are done in fun and happiness, you can be expressive and play w gender norms. Try your best.

Do so with consent, and/or best intentions. Preferably both.",9.7005
2022-12-10T03:53:53.000Z,"RT @sbp_02: When a woman treats her man like a king, and a man treats his woman like a queen. They make one hell of a team. 
‚ÄîBryan Burden‚Ä¶",2.2885
2022-12-10T03:52:06.000Z,"RT @812filmreviews: A reminder: No Black woman has ever been nominated for Best Director by the Academy Awards. I‚Äôm just sayin, Gina Prince‚Ä¶",8.592
2022-12-10T03:57:02.000Z,"RT @DiscussingFilm: The American Film Institute has chosen their top films of 2022:

Avatar: The Way of Water
Elvis
Everything Everywhere A‚Ä¶",6.0115
2022-12-10T20:04:32.000Z,@RealDeniseWelch Very interesting article in the times today,7.288
2022-12-10T03:52:44.000Z,"When a woman treats her man like a king, and a man treats his woman like a queen. They make one hell of a team. 
‚ÄîBryan Burden 

I VOTE KDLEX FOR #TAGAWARDSCHICAGO

@alexailacad | @kdestrada_
#PETAWalangAray https://t.co/PFHD4CICim",2.2885
2022-12-10T03:57:29.000Z,RT @TheTruthPanther: Thuso Mbedu has been named in the top 10 best actors of 2022 by the New York Times for her performance in¬†The Woman Ki‚Ä¶,8.825
2022-12-10T20:04:07.000Z,@RealDeniseWelch Denise stop it. I‚Äôm really uncomfortable agreeing with you.,3.2845
2022-12-10T20:04:08.000Z,@RealDeniseWelch Wow that‚Äôs rich coming from you didn‚Äôt you cheat on your husband. https://t.co/qm3FyftpMF,9.357
2022-12-10T20:04:11.000Z,RT @RealDeniseWelch: King Charles was cheating on Harrys mum when they got married. His uncle paid off a young woman ¬£12m for a sex scandal‚Ä¶,1.2105
2022-12-10T20:04:27.000Z,RT @Kele_Megano: The Woman King üëë ‚Ä¶ Happy birthday to me üéâ #chapter23 https://t.co/Ek1rYSDD1R,7.8595
2022-12-10T20:04:16.000Z,And Andrew as been admonished from the Royal household the same as Harry should be https://t.co/KcI2Cv4vR2,2.798
2022-12-10T20:01:42.000Z,@RealDeniseWelch Please fuck off,3.52
2022-12-06T21:48:44.000Z,"so where do you think jack smith sits in the freemason hierarchy. he's probably like 33rd degree ecclesiastical king of eastern america or some weird shit like that. the masons all know what a woman is. because we aren't allowed in their club, on account of our SEX. #male #power",4.614
2022-12-06T21:49:34.000Z,"@TazBailey_ God bless, I wouldn‚Äôt want ‚Äúthe trap‚Äù for my worst enemy ü§£ü§£ hang in there King üèÖüèÜüéñ",2.7425
2022-12-10T20:01:50.000Z,RT @RealDeniseWelch: King Charles was cheating on Harrys mum when they got married. His uncle paid off a young woman ¬£12m for a sex scandal‚Ä¶,1.2105
2022-12-10T20:02:29.000Z,RT @RealDeniseWelch: King Charles was cheating on Harrys mum when they got married. His uncle paid off a young woman ¬£12m for a sex scandal‚Ä¶,1.2105
2022-12-10T20:02:12.000Z,RT @RealDeniseWelch: King Charles was cheating on Harrys mum when they got married. His uncle paid off a young woman ¬£12m for a sex scandal‚Ä¶,1.2105
2022-12-10T20:02:16.000Z,@RealDeniseWelch How many affairs did Diana have and is Charles Harry‚Äôs father?,5
2022-12-10T20:02:31.000Z,@RealDeniseWelch Does this women have no loved ones I think she‚Äôs needing an intervention at this point she‚Äôs getting manic,7.0095
2022-12-10T20:02:33.000Z,"@RealDeniseWelch Families have an unwritten rule,
DO NOT CRAP ON YOUR OWN!!
If he came out and stated it was about his mother being, in my opinion, Murdered!! Then I would have some respect for him but he would have to drop the actress first!",2.9825
2022-12-10T20:02:40.000Z,RT @RealDeniseWelch: King Charles was cheating on Harrys mum when they got married. His uncle paid off a young woman ¬£12m for a sex scandal‚Ä¶,1.2105
2022-12-10T20:02:44.000Z,@RealDeniseWelch Correction: The taxpayers paid the 12M to his victim on Andrew's behalf.,3.634
2022-12-10T20:02:52.000Z,"@RealDeniseWelch And at the same time made us all out to be racists .  No, this is political , narcissistic, victimhood.  She wanted to be queen bee , and tell me what did William and Kate actually do.  Diane had two sons !!!",0.8645
2022-12-10T20:02:51.000Z,@RealDeniseWelch So is the ace card Charles is not his father,5
2022-12-10T20:03:00.000Z,@RealDeniseWelch Erm didnt you cheat on your husband you absolute hypocrite,6.785
2022-12-10T20:03:01.000Z,RT @RealDeniseWelch: King Charles was cheating on Harrys mum when they got married. His uncle paid off a young woman ¬£12m for a sex scandal‚Ä¶,1.2105
2022-12-10T20:03:11.000Z,RT @RealDeniseWelch: King Charles was cheating on Harrys mum when they got married. His uncle paid off a young woman ¬£12m for a sex scandal‚Ä¶,1.2105
2022-12-10T20:03:11.000Z,@RealDeniseWelch He was also cheating on Prince Williams Mum. Prince Andrew wanted to go to court but the Queen wanted it to go away. The lying tart in question has been proven to have lied about him &amp; numerous others. Harry is being played by his lying narcissistic wife.,0.4235
2022-12-10T20:03:19.000Z,@RealDeniseWelch Concentrate on what you know bestü§î Oh that‚Äôs nothing thenü§°,8.1845
2022-12-10T20:03:28.000Z,"@RealDeniseWelch We are not talking about all that, this is about their  betrayal and the total  disrespect for the Royal Family.  He is under the thumb of a narrcisist, control freak. He will see the light one day but it will be too late for him to come home.",1.786
2022-12-10T20:03:40.000Z,@RealDeniseWelch Bollocks,5
2022-12-10T20:03:35.000Z,@RealDeniseWelch You really are an embarrassment üò≥,2.5615
2022-12-10T20:03:22.000Z,RT @RealDeniseWelch: King Charles was cheating on Harrys mum when they got married. His uncle paid off a young woman ¬£12m for a sex scandal‚Ä¶,1.2105
2022-12-10T20:03:39.000Z,RT @RealDeniseWelch: King Charles was cheating on Harrys mum when they got married. His uncle paid off a young woman ¬£12m for a sex scandal‚Ä¶,1.2105
2022-12-10T20:03:29.000Z,@filmdaze Worst movie ever.,1.8755
2022-12-10T20:03:16.000Z,"RT @McCaulskyMarlon: Just my two cents, but if @JamesGunn and the #DCU are looking for a new director for Wonder Woman 3, I would consider‚Ä¶",5.577
2022-12-10T20:04:34.000Z,RT @RealDeniseWelch: King Charles was cheating on Harrys mum when they got married. His uncle paid off a young woman ¬£12m for a sex scandal‚Ä¶,1.2105
2022-12-10T20:03:51.000Z,RT @RealDeniseWelch: King Charles was cheating on Harrys mum when they got married. His uncle paid off a young woman ¬£12m for a sex scandal‚Ä¶,1.2105
2022-12-10T20:03:58.000Z,RT @RealDeniseWelch: King Charles was cheating on Harrys mum when they got married. His uncle paid off a young woman ¬£12m for a sex scandal‚Ä¶,1.2105
2022-12-10T20:04:31.000Z,RT @RealDeniseWelch: King Charles was cheating on Harrys mum when they got married. His uncle paid off a young woman ¬£12m for a sex scandal‚Ä¶,1.2105
2022-12-10T20:03:46.000Z,@RealDeniseWelch You ever cheated,2.447
2022-12-10T20:03:44.000Z,@RealDeniseWelch Been on the claret again,5
2022-12-10T20:03:41.000Z,@RealDeniseWelch Oh Denise shut up,5
2022-12-10T20:03:39.000Z,RT @RealDeniseWelch: King Charles was cheating on Harrys mum when they got married. His uncle paid off a young woman ¬£12m for a sex scandal‚Ä¶,1.2105
2022-12-10T20:04:36.000Z,@RealDeniseWelch The tabloids have so much power that it should not be referred to as the monarchy anymore.  It's a tabloidocracy.,5
2022-12-10T20:04:54.000Z,@OrangeWineChips @Phil_Lewis_ He didn‚Äôt cheat just once. It was serial level cheating. You could handle that? https://t.co/nBljp33l84,3.611
2022-12-10T20:05:12.000Z,@RealDeniseWelch Oh Denise. What an utter uneducated person you are. Read the facts not fiction. You‚Äôre a disgrace,6.9375
2022-12-10T20:04:54.000Z,@RealDeniseWelch You know nothing of what went in their marriage only what has been reported. Same applies to Harry. You‚Äôve no idea what he‚Äôs really like &amp; base your views on what you read &amp; what he puts out. We don‚Äôt know anything about you either only what the media has written &amp; your comments,5.7565
2022-12-10T20:04:40.000Z,@RealDeniseWelch I seem to remember a Mr Murray a carpenter in someone‚Äôs past? Let she who is without sin etc!!!,7.2245
2022-12-10T20:05:14.000Z,@RealDeniseWelch I really think you need to take a step back.,5
2022-12-10T20:04:59.000Z,"@RealDeniseWelch @Co_Passenger Well said, about time the outdated stuck up lot were gotten rid off, they had dianna assassinated and protecting a pedo (andrew).",5.129
2022-12-10T20:05:14.000Z,RT @RealDeniseWelch: King Charles was cheating on Harrys mum when they got married. His uncle paid off a young woman ¬£12m for a sex scandal‚Ä¶,1.2105
2022-12-10T20:05:16.000Z,RT @RealDeniseWelch: King Charles was cheating on Harrys mum when they got married. His uncle paid off a young woman ¬£12m for a sex scandal‚Ä¶,1.2105
2022-12-10T20:05:34.000Z,"@PatienceXina You obviously dream, Harry would have chosen you because you would definitely be accepted üò¢

Read the room woman. There is no place in the RF for people like U. They will be hounded, title or not.

Do you weave on horse hair or human hair?

Just asking for a jealous friend!",8.715
2022-12-10T20:05:40.000Z,"@RealDeniseWelch they left to live quietly &amp; no media, now they court the media for money &amp; attention to peddle their lies. if its about a love story hand back the titles they're profiteering from &amp; go live that quiet life &amp; stop the false accusations",4.1105
2022-12-10T20:05:39.000Z,RT @RealDeniseWelch: King Charles was cheating on Harrys mum when they got married. His uncle paid off a young woman ¬£12m for a sex scandal‚Ä¶,1.2105
2022-12-10T20:05:31.000Z,RT @RealDeniseWelch: King Charles was cheating on Harrys mum when they got married. His uncle paid off a young woman ¬£12m for a sex scandal‚Ä¶,1.2105
2022-12-10T20:05:28.000Z,@RealDeniseWelch Diana is somewhere rooting Harry on.,5
2022-12-10T20:05:34.000Z,"@RealDeniseWelch I agree with everything you said apart from that stupid curtesy, even Harry looked awkward",3.194
2022-12-10T20:06:38.000Z,"@RealDeniseWelch Tell us something we don‚Äôt know, that doesn‚Äôt detract from the fact she‚Äôs an actress with a chip on her shoulder and didn‚Äôt want to play second fiddle to Kate and William. That‚Äôs fine go to la and stay there. Just be quiet and show some respect.",6.9515
2022-12-10T20:06:46.000Z,RT @RealDeniseWelch: King Charles was cheating on Harrys mum when they got married. His uncle paid off a young woman ¬£12m for a sex scandal‚Ä¶,1.2105
2022-12-10T20:06:38.000Z,RT @RealDeniseWelch: King Charles was cheating on Harrys mum when they got married. His uncle paid off a young woman ¬£12m for a sex scandal‚Ä¶,1.2105
2022-12-10T20:05:44.000Z,"@RealDeniseWelch I‚Äôm getting bored of this nonsense. Neither royalist or republican really but given the complete fucking mess this country is in, who really gives a fuck?",0.473
2022-12-10T20:05:47.000Z,@RealDeniseWelch Cheating on your spouse now who would do a thing like that ü§∑üèº‚Äç‚ôÄÔ∏è,3.634
2022-12-10T20:05:44.000Z,RT @RealDeniseWelch: King Charles was cheating on Harrys mum when they got married. His uncle paid off a young woman ¬£12m for a sex scandal‚Ä¶,1.2105
2022-12-10T20:06:02.000Z,@RealDeniseWelch You are the most irritating woman .,2.4525
2022-12-10T20:05:56.000Z,Wetin be this?? üòÇüòÇüòÇ Nigerian men need women like u please. We need u since you are a joker https://t.co/v4NJoZWOgH,8.243
2022-12-10T20:06:07.000Z,RT @RealDeniseWelch: King Charles was cheating on Harrys mum when they got married. His uncle paid off a young woman ¬£12m for a sex scandal‚Ä¶,1.2105
2022-12-10T20:06:09.000Z,@RoeSroe794120 Black Gay Woman. That's not credentials or reasoning for any decision. This Administration is a f#@king Joke!,6.48
2022-12-10T20:06:03.000Z,RT @RealDeniseWelch: King Charles was cheating on Harrys mum when they got married. His uncle paid off a young woman ¬£12m for a sex scandal‚Ä¶,1.2105
2022-12-10T20:05:57.000Z,@RealDeniseWelch Yes x,7.0095
2022-12-10T20:06:15.000Z,@RealDeniseWelch None of the above are quite true so I hope they read it and do you through the courts,9
2022-12-10T20:06:10.000Z,@RealDeniseWelch B list celebrity says‚Ä¶‚Ä¶‚Ä¶..,5
2022-12-10T20:06:13.000Z,RT @RealDeniseWelch: King Charles was cheating on Harrys mum when they got married. His uncle paid off a young woman ¬£12m for a sex scandal‚Ä¶,1.2105
2022-12-10T20:06:32.000Z,RT @TheTruthPanther: Thuso Mbedu has been named in the top 10 best actors of 2022 by the New York Times for her performance in¬†The Woman Ki‚Ä¶,8.825
2022-12-10T20:06:37.000Z,RT @RealDeniseWelch: King Charles was cheating on Harrys mum when they got married. His uncle paid off a young woman ¬£12m for a sex scandal‚Ä¶,1.2105
2022-12-10T20:06:34.000Z,@RealDeniseWelch Digging up crap from other people's past to justify these couple of ungrateful jokers!,1.596
2022-12-10T20:06:48.000Z,@RealDeniseWelch In all this Harry sats hen is protecting his family. Aren't Charles and William et al his family too. Harry protecting his wife who is big enough fo stand up for herself,5
2022-12-10T20:06:51.000Z,RT @RealDeniseWelch: King Charles was cheating on Harrys mum when they got married. His uncle paid off a young woman ¬£12m for a sex scandal‚Ä¶,1.2105
2022-12-10T20:06:51.000Z,@RealDeniseWelch William‚ù§Ô∏è the only smart one,7.0095
2022-12-10T20:06:52.000Z,@RealDeniseWelch Says the women who had at least one adulterous affairs while married what an absolute hypocrite,5
2022-12-10T20:06:55.000Z,RT @RealDeniseWelch: King Charles was cheating on Harrys mum when they got married. His uncle paid off a young woman ¬£12m for a sex scandal‚Ä¶,1.2105
2022-12-10T20:06:55.000Z,RT @RealDeniseWelch: King Charles was cheating on Harrys mum when they got married. His uncle paid off a young woman ¬£12m for a sex scandal‚Ä¶,1.2105
2022-12-10T20:06:58.000Z,RT @RealDeniseWelch: King Charles was cheating on Harrys mum when they got married. His uncle paid off a young woman ¬£12m for a sex scandal‚Ä¶,1.2105
2022-12-10T20:07:01.000Z,RT @RealDeniseWelch: King Charles was cheating on Harrys mum when they got married. His uncle paid off a young woman ¬£12m for a sex scandal‚Ä¶,1.2105
2022-12-10T20:07:10.000Z,RT @RealDeniseWelch: King Charles was cheating on Harrys mum when they got married. His uncle paid off a young woman ¬£12m for a sex scandal‚Ä¶,1.2105
2022-12-10T19:31:09.000Z,RT @RealDeniseWelch: King Charles was cheating on Harrys mum when they got married. His uncle paid off a young woman ¬£12m for a sex scandal‚Ä¶,1.2105
2022-12-10T20:07:07.000Z,"@RealDeniseWelch Oh for   sake, how can you support this pair of rancid, spoilt, entitled, whinging bastards??? 
As for Diana, she had more pricks than a second-hand darts board &amp; men took restraining orders against her to stop her bothering them.
They're all toxic but Meghan is disgusting.",0.633
2022-12-10T20:06:56.000Z,RT @RealDeniseWelch: King Charles was cheating on Harrys mum when they got married. His uncle paid off a young woman ¬£12m for a sex scandal‚Ä¶,1.2105
2022-12-10T03:51:45.000Z,"RT @ZoeRoseBryant: In the era of the expanded line-up, films that missed Best Picture despite making NBR &amp; AFI:

(This year, #AvatarTheWayO‚Ä¶",7.294
2022-12-10T19:31:29.000Z,"@Sir_BiolaPr @NetflixNaija @mikeafolarin @genovevaumeh @capt_elma @InkblotPresents @strongblacklead @OlumideOworu She acted as a young girl ,to women who were obviously older than herüôÑ",5
2022-12-10T19:30:45.000Z,"RT @812filmreviews: A reminder: No Black woman has ever been nominated for Best Director by the Academy Awards. I‚Äôm just sayin, Gina Prince‚Ä¶",8.592
2022-12-10T19:30:54.000Z,RT @RealDeniseWelch: King Charles was cheating on Harrys mum when they got married. His uncle paid off a young woman ¬£12m for a sex scandal‚Ä¶,1.2105
2022-12-10T19:31:07.000Z,"@RealDeniseWelch The RF and British government also covered up Louis Mountbatten's sexual abuse of minors at his Irish getaway Classiebawn Castle, Mullaghmore ,Co Sligo.",1.8155
2022-12-10T03:52:03.000Z,@psddluva4evah It is great indeed,8.1245
2022-12-10T03:51:07.000Z,"~Amy Duggar Blasts Jim Bob‚Äôs Toxic Rules: You‚Äôre Scared of My SHOULDERS?!~ 
https://t.co/5l2s2PQBy9
These days, Amy Rachelle King is a grown woman with a like-minded husband and her own life.

But for years, she was the ‚Äúinfamous‚Äù Duggar cousin. 

To the real world, she ... https://t.co/XJjUMcu5sn",2.798
2022-12-10T19:31:29.000Z,RT @RealDeniseWelch: King Charles was cheating on Harrys mum when they got married. His uncle paid off a young woman ¬£12m for a sex scandal‚Ä¶,1.2105
2022-12-10T19:31:50.000Z,@RealDeniseWelch Protect her from what ? All those make believe papps ? It's a disgrace she mocked the queen while she was dying .,2.798
2022-12-10T19:32:22.000Z,"@RealDeniseWelch Is that the same Prince Andrew that is Harry‚Äôs godfather? The same Prince Andrew that neither Harry nor his wife have EVER criticised or attacked? No, he saves that for his Father and Brother, who have done nothing to them",1.047
2022-12-10T19:32:25.000Z,RT @RealDeniseWelch: King Charles was cheating on Harrys mum when they got married. His uncle paid off a young woman ¬£12m for a sex scandal‚Ä¶,1.2105
2022-12-10T19:32:29.000Z,RT @RealDeniseWelch: King Charles was cheating on Harrys mum when they got married. His uncle paid off a young woman ¬£12m for a sex scandal‚Ä¶,1.2105
2022-12-10T19:32:26.000Z,@RealDeniseWelch You really are a nasty attention seeking c**$ aren‚Äôt you?,2.0175
2022-12-10T19:32:32.000Z,@RealDeniseWelch Are you constantly pissed?,1.8155
2022-12-10T19:32:19.000Z,@812filmreviews @erinoverbey It's not that great a movie though,2.452
2022-12-10T19:32:29.000Z,RT @DripxHalcy: Rate the Woman King from 1-10 https://t.co/vg9hXFcmjd,5
2022-12-10T19:32:55.000Z,RT @DripxHalcy: Rate the Woman King from 1-10 https://t.co/vg9hXFcmjd,5
2022-12-10T19:32:37.000Z,@DripxHalcy I haven‚Äôt even watched it.,5
2022-12-10T19:32:54.000Z,RT @RealDeniseWelch: King Charles was cheating on Harrys mum when they got married. His uncle paid off a young woman ¬£12m for a sex scandal‚Ä¶,1.2105
2022-12-10T19:32:38.000Z,RT @RealDeniseWelch: King Charles was cheating on Harrys mum when they got married. His uncle paid off a young woman ¬£12m for a sex scandal‚Ä¶,1.2105
2022-12-10T19:32:46.000Z,@RealDeniseWelch They are all awful,2.706
2022-12-10T19:32:47.000Z,"@URDailyHistory And probably a big part of why the Royals are so against MM. Not only American &amp; a divorcee, but a Woman of Colour too. (Clutches pearls). H may not be heir to the throne, but Royals have long memories, and &amp; are notorious grudge holders.",2.0365
2022-12-10T19:32:45.000Z,"@RealDeniseWelch We get it your anti royalist, but don‚Äôt stick up for them two traitor‚Äôs!!!",4.1725
2022-12-10T19:32:44.000Z,"Honorable Mentions

Glass Onion
The Northman
Chip 'n Dale: Rescue Rangers",8.8915
2022-12-10T19:32:37.000Z,RT @DripxHalcy: Rate the Woman King from 1-10 https://t.co/vg9hXFcmjd,5
2022-12-10T19:33:01.000Z,"ACTRESS - DRAMA

Cate Blanchett - T√ÅR
Olivia Colman - EMPIRE OF LIGHT
Viola Davis - THE WOMAN KING
Danielle Deadwyler - TILL
Michelle Williams - THE FABELMANS

ALT: Jennifer Lawrence - CAUSEWAY https://t.co/pyCR63i9bC",5
2022-12-08T19:48:15.000Z,"RT @DDdey4you: @itsSh0la Love the last line
Just move on king

As you do so remember
There is always the right KIND of woman for every man‚Ä¶",8.1845
2022-12-08T19:48:55.000Z,"@RoyalRundown1 They'll come. They have no shame. They came sauntering back to the Jubliee. Harry as his son can attend as a spectator. But not this diabolically,  nasty, evil woman.",1.4685
2022-12-08T19:48:44.000Z,Elle King - Good For Nothing Woman (Acoustic Performance) https://t.co/sUrUGcYcWD via @YouTube,7.202
2022-12-08T19:48:48.000Z,@JayneSloan17 I don‚Äôt think he cares what you do. You don‚Äôt know how his mother would think so don‚Äôt pretend that you do. You are a bully.,1.872
2022-12-08T19:48:51.000Z,@ZoeRoseBryant Thankfully it wasn't named Black Panther: Wakanda Forever by NBR. Compared to the first it would only be forced.,4.742
2022-12-08T19:49:17.000Z,RT @shadowandact: Who else has 'The Woman King' choreography on lock üîíüëèüèæ// üé•: nene_la_shiro via TikTok https://t.co/8UdYiNQkqV,5
2022-12-08T19:49:29.000Z,"RT @DDdey4you: @itsSh0la Love the last line
Just move on king

As you do so remember
There is always the right KIND of woman for every man‚Ä¶",8.1845
2022-12-08T19:49:56.000Z,"@ganer365 @CharriseJLane 
Just incase she missed it",3.52
2022-12-08T19:50:03.000Z,"In a statement by Festival Chairman Harold Matzner, he referred to Davis as a ""force of nature"" for her performance in ""The Woman King""

¬†¬†¬†¬†¬†¬† https://t.co/LZ2MaSMZnM",7.4695
2022-12-08T19:46:19.000Z,I wanna give Woman King a 20/10,5
2022-12-08T19:46:30.000Z,"@DanielS24278632 @duncklco @philcol18718809 @sophielouisecc Oooooooooh, arbitrary titles ü§∑üôÉ",5
2022-12-08T19:48:01.000Z,"RT @FilmUpdates: #HCACreativeArtsAwards Nominations:

Best Stunts:

Everything Everywhere All At Once 
RRR 
The Batman 
The Woman King 
Top‚Ä¶",6.0115
2022-12-10T20:07:14.000Z,RT @RealDeniseWelch: King Charles was cheating on Harrys mum when they got married. His uncle paid off a young woman ¬£12m for a sex scandal‚Ä¶,1.2105
2022-12-08T19:47:25.000Z,He kicked his woman out because she told him to put on socks instead of knitting him a blanket for his cold feet,5
2022-12-08T19:48:09.000Z,"RT @DDdey4you: @itsSh0la Love the last line
Just move on king

As you do so remember
There is always the right KIND of woman for every man‚Ä¶",8.1845
2022-12-10T20:07:24.000Z,@RealDeniseWelch Two words. James Hewitt,5
2022-12-08T19:47:16.000Z,"RT @FilmUpdates: #HCACreativeArtsAwards Nominations:

Best Stunts:

Everything Everywhere All At Once 
RRR 
The Batman 
The Woman King 
Top‚Ä¶",6.0115
2022-12-10T20:07:26.000Z,RT @THR: African American Film Critics Association Names ‚ÄòThe Woman King‚Äô as Best Film of¬†2022 https://t.co/dw1TMNs7zj,7.294
2022-12-08T19:46:38.000Z,"On today's @slashfilmdaily, Ben and Brad talk about #TheBansheesOfInisherin, X, Pearl, #Spirited, and more. https://t.co/ceppsBEM5q",6.591
2022-12-10T20:07:38.000Z,This women had at least one affair when married to one of her husbands is now calling out Charles for his I just can‚Äôt with this ü§° https://t.co/IBH4QbSyAJ,5
2022-12-10T20:07:39.000Z,@RealDeniseWelch What‚Äôs the matter with you? Your posts are bizarre .,3.52
2022-12-05T20:51:26.000Z,RT @nervoushoe: y‚Äôall wasn‚Äôt gonna tell me woman king had this in there?? https://t.co/dJtDr4otyG,5
2022-12-10T20:07:46.000Z,"@RealDeniseWelch ‚Ä¶ and folk still chose to loathe them, üíî I love the pair of them and all that they stand for",6.25
2022-12-10T20:07:58.000Z,@ReadeAlexandra She sounded like such a sweet lady during that Larry King call.,8.3525
2022-12-10T20:07:58.000Z,@RealDeniseWelch And you have had an uneventful life,5
2022-12-10T20:07:45.000Z,RT @RealDeniseWelch: King Charles was cheating on Harrys mum when they got married. His uncle paid off a young woman ¬£12m for a sex scandal‚Ä¶,1.2105
2022-12-10T20:08:06.000Z,RT @RealDeniseWelch: King Charles was cheating on Harrys mum when they got married. His uncle paid off a young woman ¬£12m for a sex scandal‚Ä¶,1.2105
2022-12-10T20:08:04.000Z,"@RealDeniseWelch Somehow, they will find a way to blame Meghan for Andrew sleeping with young girls AND Charles' affair with Camilla.",3.3
2022-12-10T20:08:22.000Z,RT @RealDeniseWelch: King Charles was cheating on Harrys mum when they got married. His uncle paid off a young woman ¬£12m for a sex scandal‚Ä¶,1.2105
2022-12-10T20:08:17.000Z,@RealDeniseWelch Harry's mum was cheating on King Charles with his ginger Father. King Charles has never questioned it &amp; brought him up as his own,2.4435
2022-12-10T20:08:29.000Z,"@RealDeniseWelch Oh yeah cause Diana was such a saint, people aren‚Äôt even sure if Charles is Harry dad",5.3065
2022-12-10T20:08:35.000Z,@RealDeniseWelch And Harry wore a nazi uniform‚Ä¶ ran around Vegas naked‚Ä¶ took 32 million off the British public‚Ä¶ and married the most narcissistic woman in the universe,5.386
2022-12-05T20:51:29.000Z,"Top 6 movies of last weekend (2nd - 4th December)
1. #WakandaForever: ‚Ç¶48,931,834 (-35%) 
2. Violent Night: ‚Ç¶5,331,880 (New)
3. The Stand Up: ‚Ç¶3,664,500 (New)
4. BrotherHood: ‚Ç¶3,047,750 (-24%)
5. #BlackAdam: ‚Ç¶1,471,853 (-51%)
6. The Woman King: ‚Ç¶1,006,002 (-36%)",3.8685
2022-12-10T20:08:34.000Z,RT @RealDeniseWelch: King Charles was cheating on Harrys mum when they got married. His uncle paid off a young woman ¬£12m for a sex scandal‚Ä¶,1.2105
2022-12-10T20:08:37.000Z,@RealDeniseWelch The whole bunch of royals are dirty peadophiles. It‚Äôs all coming out though. Enjoy the show ü§©,5.386
2022-12-05T20:53:50.000Z,"RT @amazonBeau: The men are so miserable and upset in the quotes. They hate seeing a woman happy. But if a man did the same thing, they wou‚Ä¶",2.296
2022-12-05T20:54:29.000Z,"@Madiii03 Saw a guy do this once at a Burger King. He drove out of the drive-thru, came inside, and yelled ""ARE Y'ALL KILLING THE CHICKEN BACK THERE!?""",1.7015
2022-12-05T20:57:17.000Z,RT @nervoushoe: y‚Äôall wasn‚Äôt gonna tell me woman king had this in there?? https://t.co/dJtDr4otyG,5
2022-12-05T20:57:08.000Z,You really want me to get canceled before i even start? Lls bye https://t.co/QieB8Y9aEj,5.7565
2022-12-05T20:55:27.000Z,@JasonJo27460936 @violadavis Do some homework üôÑ,5
2022-12-05T20:55:41.000Z,"Sweet soul , your king is forever proud of the woman you continue to be. The marathon still continues queen ü´∂üèº https://t.co/MDbkABYkBd",8.6345
2022-12-05T20:56:16.000Z,RT @WomanKingMovie: Bringin‚Äô the action of #TheWomanKing home. Get The Woman King On Digital today! https://t.co/Hh7tw2IkXD https://t.co/8N‚Ä¶,5
2022-12-05T20:57:07.000Z,"RT @DocCrom: #MosaicMonday - Another fantastic mosaic from Sparta, depicting Achilles in disguise as a woman at the court of King Lycomedes‚Ä¶",6.909
2022-12-05T20:56:11.000Z,"RT @DocCrom: #MosaicMonday - Another fantastic mosaic from Sparta, depicting Achilles in disguise as a woman at the court of King Lycomedes‚Ä¶",6.909
2022-12-05T20:59:37.000Z,the way this was commentary on how the media slut shamed her for filth so she made a parallel about the woman in the bible who was almost stoned for adultery https://t.co/GVGOfUiHUt,0.937
2022-12-10T20:08:58.000Z,RT @RealDeniseWelch: King Charles was cheating on Harrys mum when they got married. His uncle paid off a young woman ¬£12m for a sex scandal‚Ä¶,1.2105
2022-12-05T20:58:56.000Z,@DocCrom @GreekMythComix @DrJEBall @museumbums @romanmosaics @p_historians @chapps @roamintheempire Progressives need to be more humble,5
2022-12-05T20:59:27.000Z,"@jon_d_doe I love ""woman king"" that movie thought me a lot about Africa. We hold the power of our heritage in our hands, so all this people trying to buy the western ideas of doing things irked meüò©üò©",8.1845
2022-12-05T21:02:08.000Z,"RT @DocCrom: #MosaicMonday - Another fantastic mosaic from Sparta, depicting Achilles in disguise as a woman at the court of King Lycomedes‚Ä¶",6.909
2022-12-10T20:08:41.000Z,@RealDeniseWelch I was just wondering what band wagon you will jump on next!,5
2022-12-10T20:09:03.000Z,"@robreiner Our Nation and the World miss the people who were decent God fearing men, Martin Luther King, Billy Graham, Ronald Reagan, and yes, Rush Limbaugh, to name a few. Decency has disappeared from our leadership.",3.3
2022-12-10T20:09:02.000Z,@PadraigJBjr @AlexxxNikiSixxx @DiscussingFilm Rings of Power was utter garbage,5
2022-12-10T20:09:07.000Z,RT @RealDeniseWelch: King Charles was cheating on Harrys mum when they got married. His uncle paid off a young woman ¬£12m for a sex scandal‚Ä¶,1.2105
2022-12-10T20:09:29.000Z,"@RealDeniseWelch Lol Harry and Williams mum I am sure you mean, who also cheated numerous times With married men, or men already in committed relationships.
Mom's almost always support their children. I realize you need attn. But damn whoever you are you are daft as hell",0.7425
2022-12-10T20:09:43.000Z,"@ZeusLair @WorldAnvil you got a little wrong, she always loved Jamie, they were like that since little.

She tried to be true to the king, however he was obsessed with a dead woman and she couldn't take it anymore",5.505
2022-12-10T20:09:28.000Z,@RealDeniseWelch That young woman was a prostitute.  Being paid for sex is what they do.,5
2022-12-10T20:09:12.000Z,@RealDeniseWelch Well said üëè,6.366
2022-12-10T20:09:29.000Z,"RT @LeeYunnes: Crown Princess An Ja Yeon is dropdead gorgeous no wonder the king has not looked for a woman for this long üò≠‚ù§Ô∏èü•∫

#KimMinJu #‚Ä¶",7.1075
2022-12-10T20:09:16.000Z,"@Nafiu_chizu Yeah I know
Saw it the day it was trending",6.48
2022-12-10T20:09:47.000Z,RT @RealDeniseWelch: King Charles was cheating on Harrys mum when they got married. His uncle paid off a young woman ¬£12m for a sex scandal‚Ä¶,1.2105
2022-12-10T20:09:10.000Z,oh it‚Äôs that holy crack that you people on lmaoooo https://t.co/OF1dleoYgI,5
2022-12-10T20:09:57.000Z,@RealDeniseWelch Denise‚Äôs now husband who she stared an affair with while still married hypocrite ü§∑üèº‚Äç‚ôÄÔ∏è https://t.co/9DRbSPMjPf,5
2022-12-10T20:09:54.000Z,@RealDeniseWelch No other divorces involved cheating? Happens more than 50% of the time. And Andrew‚Äôs accuser has been found to be a liar. Come up with some real facts.,0.9065
2022-12-10T20:09:56.000Z,RT @RealDeniseWelch: King Charles was cheating on Harrys mum when they got married. His uncle paid off a young woman ¬£12m for a sex scandal‚Ä¶,1.2105
2022-12-10T20:10:26.000Z,@RealDeniseWelch Shut up you are becoming so annoying,2.295
2022-12-10T20:10:03.000Z,@RealDeniseWelch Well said.,6.366
2022-12-10T20:10:11.000Z,@RealDeniseWelch @RichardWorley my god I agree with Denise Welch lol,8.753
2022-12-08T03:44:46.000Z,RT @FilmUpdates: Jennifer Lawrence says ‚ÄòThe Woman King‚Äô is her favorite movie of the year. https://t.co/LID7sMGmtU,7.294
2022-12-10T04:05:26.000Z,RT @TheTruthPanther: Thuso Mbedu has been named in the top 10 best actors of 2022 by the New York Times for her performance in¬†The Woman Ki‚Ä¶,8.825
2022-12-10T20:10:14.000Z,Stfu https://t.co/mwqL6Ze3ut,5
2022-12-10T19:31:10.000Z,RT @RealDeniseWelch: King Charles was cheating on Harrys mum when they got married. His uncle paid off a young woman ¬£12m for a sex scandal‚Ä¶,1.2105
2022-12-08T19:45:03.000Z,@StephenKing Her name could be mother russia ha ha ha Stephen king!  Hallo!!!,8.6755
2022-12-10T19:31:25.000Z,@RealDeniseWelch I think you miss the point if he truly wanted to protect his family go to America do some good with your platform but all you have done is slag off your family and show us what a hypocritical pair you are . Denise you are an enabler. We have all made mistakes especially you,2.0365
2022-12-10T19:59:48.000Z,@RealDeniseWelch OH THE IRONY ABOUT INFIDELITY DENISE,4.742
2022-12-10T19:59:47.000Z,@RealDeniseWelch Well pointed out‚Ä¶ üëçüôå,6.366
2022-12-10T20:00:07.000Z,RT @RealDeniseWelch: King Charles was cheating on Harrys mum when they got married. His uncle paid off a young woman ¬£12m for a sex scandal‚Ä¶,1.2105
2022-12-10T19:59:57.000Z,@RealDeniseWelch Who cares what this stupid woman thinks?   Really,4.4865
2022-12-10T19:59:49.000Z,@cocopops042 Haven't watched black Adam but woman king was nice,7.8595
2022-12-10T20:00:09.000Z,@RealDeniseWelch Footy on. Get back to you in about an hour,5
2022-12-10T20:00:09.000Z,"RT @812filmreviews: A reminder: No Black woman has ever been nominated for Best Director by the Academy Awards. I‚Äôm just sayin, Gina Prince‚Ä¶",8.592
2022-12-10T20:00:05.000Z,@RealDeniseWelch Fuck sake you still going on‚Ä¶.. leave the bottle alone and just enjoy yourself,3.194
2022-12-10T20:00:11.000Z,RT @RealDeniseWelch: King Charles was cheating on Harrys mum when they got married. His uncle paid off a young woman ¬£12m for a sex scandal‚Ä¶,1.2105
2022-12-10T20:00:15.000Z,RT @RealDeniseWelch: King Charles was cheating on Harrys mum when they got married. His uncle paid off a young woman ¬£12m for a sex scandal‚Ä¶,1.2105
2022-12-10T20:00:39.000Z,RT @RealDeniseWelch: King Charles was cheating on Harrys mum when they got married. His uncle paid off a young woman ¬£12m for a sex scandal‚Ä¶,1.2105
2022-12-10T20:00:24.000Z,"@RealDeniseWelch Shame that band wagons aren‚Äôt on strike in this country, would save you jumping on them then wouldn‚Äôt it üôÑ",5.6025
2022-12-10T20:00:24.000Z,@RealDeniseWelch Bollcks ...its all about money,5
2022-12-10T20:00:48.000Z,"RT @812filmreviews: A reminder: No Black woman has ever been nominated for Best Director by the Academy Awards. I‚Äôm just sayin, Gina Prince‚Ä¶",8.592
2022-12-10T20:00:51.000Z,RT @RealDeniseWelch: King Charles was cheating on Harrys mum when they got married. His uncle paid off a young woman ¬£12m for a sex scandal‚Ä¶,1.2105
2022-12-10T20:00:49.000Z,@RealDeniseWelch Please will everyone stop following @RealDeniseWelch so her ridiculous tweets stop turning up on my timeline üôè,2.0175
2022-12-10T20:00:53.000Z,RT @RealDeniseWelch: King Charles was cheating on Harrys mum when they got married. His uncle paid off a young woman ¬£12m for a sex scandal‚Ä¶,1.2105
2022-12-10T20:00:58.000Z,"@RealDeniseWelch And don't forget the Diana and Harry's dad, capt James Hewitt saga",5.8475
2022-12-10T20:01:03.000Z,"@RealDeniseWelch Oh behave, Diana had been through half the Guards regiments by that stage.",5
2022-12-10T20:01:03.000Z,"@RealDeniseWelch But of course Denise you didn‚Äôt leave your husband did you? You‚Äôve never had an indiscretion have you?
I‚Äôve said it before, you are very sad, bitter and somewhat twisted if you blame the Queen.  Hope your family are perfect, god help them if they are not.",7.723
2022-12-10T20:01:15.000Z,RT @RealDeniseWelch: King Charles was cheating on Harrys mum when they got married. His uncle paid off a young woman ¬£12m for a sex scandal‚Ä¶,1.2105
2022-12-10T20:01:18.000Z,@RealDeniseWelch Evidence?,5
2022-12-10T20:01:30.000Z,@RealDeniseWelch Harry makes @hughlaurie Prince Regent look clever...He's married a narcissist. They not like you and me....Well me anyway. üòÄ,3.6225
2022-12-10T20:01:33.000Z,RT @RealDeniseWelch: King Charles was cheating on Harrys mum when they got married. His uncle paid off a young woman ¬£12m for a sex scandal‚Ä¶,1.2105
2022-12-06T21:35:16.000Z,RT @CinemaTweets1: Viola Davis in The Woman King (2022; Prince-Bythewood) https://t.co/vpT89r1eXv,5.386
2022-12-10T20:01:35.000Z,"@RealDeniseWelch You used to be so nice, now your older your bitter and twisted..note to self, don't be like Denise...",4.622
2022-12-06T21:35:20.000Z,"@Targ_Nation I'm saying she's done nothing to improve anyone else's lives, and therefore her cause is no more special or noble than any other crow king fighting over the chair.",5.1945
2022-12-10T20:01:34.000Z,"Could he be the warg he was and maintain his place within the Demon Lord‚Äôs army? Or was a chance meeting with a strange woman who desired to become a caladrius for a Druid king meant to ruin him?

üì£ @eBookLingo
üìö https://t.co/oYIR0Kg2a9 https://t.co/lOn36y8tb4",3.194
2022-12-06T21:37:24.000Z,@thecarolemalone No she didn't it was planned by Meghan's friend she shouted RACIAL ABUSE about an elderly lady that for years had been front and centre to get details about where somebody was from to pass on to Her Majesty.,2.5305
2022-12-10T04:06:38.000Z,@812filmreviews @TamikoBrooks Best film of the year.,8.1845
2022-12-10T04:06:23.000Z,@DiscussingFilm Why is ‚Äúnope‚Äù on the list?! That movie was terrible ü•¥,2.6165
2022-12-10T04:06:11.000Z,@DailyLoud She said fucc dem ‚Äútiger king‚Äù lawsüòÇ,5
2022-12-06T21:37:15.000Z,@Akinyi19Abongo if only women can listen to you then we would never leave them. But you take care of a woman and she leaves once times get rough.,8.2845
2022-12-06T21:37:27.000Z,@Irishdreams32 I read today that her wedding foretold ‚Ä¶. Her wanting to only have king Charles walk her half way to the alter shows not a shy woman but one who knew exactly what she was doing . Who knows.,5.4755
2022-12-06T21:29:20.000Z,"RT @TudorTweep: New price!
Just 99p!

Princess, Queen, Empress... 
The woman who challenged a King for the English throne 

The story of Ma‚Ä¶",4.4865
2022-12-10T04:06:35.000Z,"RT @DiscussingFilm: The American Film Institute has chosen their top films of 2022:

Avatar: The Way of Water
Elvis
Everything Everywhere A‚Ä¶",6.0115
2022-12-06T21:30:17.000Z,Woman asks for ‚Äòburger refill‚Äô at Burger King as a form of ‚Äòrejection therapy‚Äô: ‚ÄòThat was so cringe‚Äô https://t.co/8VUM8a8V2c,2.2885
2022-12-10T20:03:56.000Z,RT @RealDeniseWelch: King Charles was cheating on Harrys mum when they got married. His uncle paid off a young woman ¬£12m for a sex scandal‚Ä¶,1.2105
2022-12-06T22:15:09.000Z,"@Suzy_AlmaRay Someone has to die a hero, make e no be like jet Lee wey dey fight like God",6.25
2022-12-06T21:31:44.000Z,RT @Sirfreshsemi: The Woman King is the best movie of 2022!!!! https://t.co/mDIXWroVk6,8.3525
2022-12-06T21:30:46.000Z,RT @waynegreen21: @fesshole And that was Juan King with his cover of No woman no cry https://t.co/GaYuySxsUT,1.2105
2022-12-06T21:38:08.000Z,"@Obinna_231 Yes my man, if woman go show person pepper, at least let the pepper be worth itüòÇüòÇ",7.787
2022-12-06T21:32:56.000Z,"Leave Summer Walker aline ü§£ I feel like Beyonc√© sent us a very clear message about which people are hired for what jobs in Black is King.

I could see if she never ever hires Black people EVER. 

But they just have to harass a pregnant Black woman. https://t.co/n0H66wh0CX",2.987
2022-12-08T19:53:05.000Z,"RT @HCAcritics: The #HCACreativeArtsAwards nominees for Best Stunts are: 

Everything Everywhere All At Once 

RRR 

The Batman 

The Woman‚Ä¶",8.1845
2022-12-08T19:52:33.000Z,"'The Woman King' Viola Davis To Receive Chairman's Award at [ https://t.co/d762ml6qok ] In 2021, Davis received an Oscar #Nomination for her transformative performance as The Film #Society produces the Palm Springs International Film Festival https://t.co/O9MHUBeE7j",8.953
2022-12-08T19:52:25.000Z,@NextBestPicture You are kidding me üòÇüòÇü§°,5.5135
2022-12-08T19:53:37.000Z,"RT @NextBestPicture: The full list of AAFCA‚ÄôS Top 10 Films of 2022:

1. The Woman King
2. Black Panther: Wakanda Forever
3. Till
4. Sidney‚Ä¶",6.366
2022-12-08T19:54:20.000Z,"@GBNEWS Perhaps MM ‚Äòimagined‚Äô that she and H would be above William and Kate, King and Queen?‚Ä¶But instead she realised THEY are the Spares, she hated not getting enough publicity, had to use the race card to get attention. Pathetic woman self obsessed. Harry is embarrassingly gullible.",0.35
2022-12-08T19:52:27.000Z,"RT @dpl_3: Instead of calling any man who pretends to be female a woman, why not call him ‚ÄúImpossible Woman‚Äù, just like Burger King‚Äôs meatl‚Ä¶",6.366
2022-12-06T21:38:42.000Z,"@StatelessPatri2 @RealCandaceO Come on King‚Ä¶ if you‚Äôre a 5 that‚Äôs ok, but don‚Äôt pander please. We take enough BS already.",4.1195
2022-12-06T21:39:18.000Z,"RT @SeanFennessey: THE WOMAN KING feels slept on in a few ways right now. One of my favorites of the year, and Terence Blanchard's score is‚Ä¶",7.1075
2022-12-08T19:45:00.000Z,"""The Woman King"" actor and producer Viola Davis will receive the Chairman‚Äôs Award at the Palm Springs International Film Awards

https://t.co/MyNVrconYI",8.7895
2022-12-06T22:06:26.000Z,RT @howtoprosperr: Don‚Äôt settle for a woman that doesn‚Äôt consistently make you feel like a King.,6.806
2022-12-08T19:45:39.000Z,"@_Cavalierious_ The king, the legend, AlHaitham the woman lover",7.9295
2022-12-06T22:06:47.000Z,"DANCING üíÉ üåúMOON üåõüï∫ 
EARTH üåé WAY
BOOK üìñ STORE
5Ô∏è‚É£5Ô∏è‚É£5Ô∏è‚É£ W.
KING ü§¥ üëë ü¶Å ü§¥ STREET
BOONE, NC 
COME ON HOME üè° TO YOUR MOUNTAIN ‚õ∞ WOMAN  ü§†ü•≥üíã https://t.co/wWwiUEJgcZ",5
2022-12-06T21:39:02.000Z,RT @CinemaTweets1: Viola Davis in The Woman King (2022; Prince-Bythewood) https://t.co/vpT89r1eXv,5.386
2022-12-08T19:45:41.000Z,@tk85077 @rantsbyme007 @VP I did and in Genesis doesn't say nothing about marriage it says about man and woman.. and which Bible are you reading King James version or the Hebrew. Or are you reading Moses that I read where it has jesus's word in it,5
2022-12-06T22:08:00.000Z,RT @Sirfreshsemi: The Woman King is the best movie of 2022!!!! https://t.co/mDIXWroVk6,8.3525
2022-12-06T22:07:30.000Z,@ChrisExcel102 Kodwa don't hurt that lady,7.084
2022-12-06T21:59:22.000Z,"RT @Akinyi19Abongo: Every man needs a woman, but sex doesn‚Äôt hold a man, what holds a man is how you treat him &amp; be by his side during diff‚Ä¶",7.7495
2022-12-08T19:50:17.000Z,@THE2NDSTODD Lmao I been doing mine like I was taught a man should do it but been seeing Alotta men crossing em like women lol I‚Äôm so confused now,8.8785
2022-12-06T21:58:14.000Z,@pamgriffa I am not a gambling woman but bet Jared was an Emergency Contact on MBS‚Äôs cell and a first call before and after he had Kashogghi dismembered.,2.3665
2022-12-08T19:51:27.000Z,RT @DEADLINE: ‚ÄòThe Woman King Tops‚Äô The African American Film Critics Association (AAFCA) List of the Ten Best Films of the¬†Year https://t.‚Ä¶,8.715
2022-12-08T19:51:12.000Z,"RT @FilmUpdates: Satellite Awards Nominations:

ACTRESS IN A MOTION PICTURE DRAMA:

Jessica Chastain ‚Äì The Good Nurse 
Cate Blanchett ‚Äì T√ÅR‚Ä¶",8.548
2022-12-08T19:51:02.000Z,@king_baffled @uno_eyed_willy @Timcast An adult female human. That‚Äôs what a woman is.,5
2022-12-08T19:48:51.000Z,@ZoeRoseBryant Thankfully it wasn't named Black Panther: Wakanda Forever by NBR. Compared to the first it would only be forced.,4.742
2022-12-08T19:50:39.000Z,"@Bqmbulu I can‚Äôt stand seeing my partner looking all pale with hollow eyes and assume he should be able to handle things because he is a king. As the Queen, if my King is disturbed, I would ensure he is fine because I can‚Äôt imagine ruling alone!",6.8475
2022-12-06T22:04:20.000Z,"WOMAN KING GM2YEUO

https://t.co/w91SUYxa4g https://t.co/w9PS1lSeim",5
2022-12-06T22:06:14.000Z,@K1tt3n @Qu3erAnarchist @ParisGm1 @LucyENichol You have the nerve to call other people bonkers when you believe a 60 year old man who pops on a skirt and pink lippy and says he is a woman is magically transformed into a woman.,5.386
2022-12-08T19:51:32.000Z,"RT @DDdey4you: @itsSh0la Love the last line
Just move on king

As you do so remember
There is always the right KIND of woman for every man‚Ä¶",8.1845
2022-12-06T21:56:48.000Z,I‚Äômma be #5 next Halloween. If I‚Äôm not Woman King. If I‚Äôm not Dorothy Dandridge in Carmen Jones. https://t.co/vfKh3Ix3Y3,5.386
2022-12-06T22:05:18.000Z,@AnalTongue @blck0boyy I completely agree.,7.1005
2022-12-06T21:57:23.000Z,@TheMCG @mark_slapinski @atRachelGilmore BOO F**KING HOO!,5
2022-12-06T21:56:07.000Z,"#NowPlaying Albert King  - Lovingest Woman In Town  --
Stream us online at https://t.co/zN7NsRQG5d  --  
Enable TPC radio on your Alexa --  
Download the RadioKing App  --
TPC Radio - The Best in Black Music!
Go to our website for more information https://t.co/8Ri2P23Pq3",8.1845
2022-12-06T21:55:31.000Z,RT @MisterSalesman: https://t.co/PhQAXyGMze  The Queen of Soul has left us but she will always be remembered in the hearts of everyone. Car‚Ä¶,5
2022-12-06T21:39:54.000Z,"@RUOKPage If the fraud does turn up I‚Äôm sure the Lady will be invited too, if she isn‚Äôt too traumatised.",5.3555
2022-12-06T22:05:07.000Z,@Sirfreshsemi It's the best for me i love it so much,9.2775
2022-12-06T21:40:18.000Z,@teddybrookeshot the woman king,5
2022-12-06T21:46:55.000Z,RT @BBW_BFF: kinda think The Woman King is a perfect film https://t.co/hRQ7QP9M0G,7.8595
2022-12-08T03:12:29.000Z,@Freedom16356531 ¬´Wearing Woman King clothes‚Ä¶¬ª I love it!,8.1845
2022-12-08T04:03:04.000Z,RT @GPBmadeit: 'The Woman King' editor Terilyn A. Shropshire on cutting together the film's biggest battle scenes [Exclusive Video Intervie‚Ä¶,3.091
2022-12-08T04:03:18.000Z,"@JamesGunn @erinsarofsky Mr. gun if you‚Äôre going to reboot the whole, DC we don‚Äôt want characters that no one cares about or knows we want Batman superman wonder, woman, flash, Green Lantern plz we don‚Äôt care about Lobo the little bat shark king and polkadot man just do the right thing",2.3885
2022-12-08T03:11:25.000Z,The woman king needs a part 2.,5.386
2022-12-08T04:04:09.000Z,"@EnglishRose1952 Meghan Markle wants to be known as a savior? Just like when she talked about the dishes and Hillary Clinton  all that BS. She wants to be in the names of Rosa Parks, Harriet Tubman, Mitchell Obama, Correta King, Barbara Jordan etc. She had an agenda with the RF. üëøwoman.",6.806
2022-12-06T21:47:10.000Z,RT @Sirfreshsemi: The Woman King is the best movie of 2022!!!! https://t.co/mDIXWroVk6,8.3525
2022-12-08T03:13:02.000Z,"@SimonOpatz Focusing on a race(s) preferentially &amp; another negatively for a flawed ideas of ‚Äújustice‚Äù, settling scores and/or just to sell tickets doesn‚Äôt typically make good films nor is it ethical. The Woman King for example, tells manipulative falsities from post-modern race politics üëáüèª https://t.co/VGFRDwjQJC",4.101
2022-12-06T21:46:50.000Z,RT @CinemaTweets1: Viola Davis in The Woman King (2022; Prince-Bythewood) https://t.co/vpT89r1eXv,5.386
2022-12-08T03:22:17.000Z,RT @FilmUpdates: Jennifer Lawrence says ‚ÄòThe Woman King‚Äô is her favorite movie of the year. https://t.co/LID7sMGmtU,7.294
2022-12-08T03:13:22.000Z,"""Getaway in Washington State?""

Hot Springs // Salt Water State Park // Magnuson Park // Hurrican Ridge",5
2022-12-08T03:21:37.000Z,"RT @JerryDunleavy: Jennifer Lawrence is saying this in reference to the lead role Viola Davis had in The Woman King, celebrating that girls‚Ä¶",7.8595
2022-12-06T21:33:23.000Z,"RT @AgaraSariki: Wow i want to buy one cow for that lady as Christmas gift, standing up for 2033million Nigerians üá≥üá¨ to ask greedy Tinubu E‚Ä¶",8.454
2022-12-06T21:33:19.000Z,"RT @AgaraSariki: Wow i want to buy one cow for that lady as Christmas gift, standing up for 2033million Nigerians üá≥üá¨ to ask greedy Tinubu E‚Ä¶",8.454
2022-12-08T03:23:07.000Z,RT @FilmUpdates: Jennifer Lawrence says ‚ÄòThe Woman King‚Äô is her favorite movie of the year. https://t.co/LID7sMGmtU,7.294
2022-12-08T03:23:23.000Z,@theGrio I know a young woman of color who might drop out of college after 2 years because of no parental support. How do I help her?,6.7
2022-12-08T03:21:42.000Z,"RT @LebogangNM: ""Even a poor man feels like a king, when he marries the right woman."" https://t.co/uS3XfFjzdD",4.2345
2022-12-06T21:33:44.000Z,@RoyalFamily #MeghanMarkle #Meghanwasright. Woman who was taught the nazi salute by her mother grew up a racist. What a shock! https://t.co/a0bccmD46h,1.175
2022-12-08T03:56:04.000Z,@AlbaPartyTime An interesting question. Google Drag King Wikipedia.,6.0115
2022-12-08T03:28:24.000Z,@Moose_Knuckle_ @ClownWorld_ I don't think it is a bedsheet I think it is a tent.,5
2022-12-08T03:55:09.000Z,"@LeoKearse @GBNEWS She‚Äôs disgusting &amp; I truly fear for the King‚Äôs safety. This woman has ignited hatred from nutters many more exist. Every1 ‚ù§Ô∏èPres Reagan til a bullet rang thru the cheers, same as Kennedy. Guns aren‚Äôt as available UK but if they get in a party they can harm him or Queen &amp; Princess",2.5305